numGenerators,totalCSO,totalCap,adjRatios
2016,40124.00000000001,53457.599999999984,6.689056282689751
2016,40124.00000000001,53457.599999999984,0.7818158950044024
