numGenerators,totalCap,adjRatios,cap_rate,LOLE
2016,55366.79999999998,6.92795114992867,1.4500000000000004,12.0
2016,55366.79999999998,0.8097378912545596,1.4500000000000004,12.0
