numGenerators,totalCSO,totalCap,adjRatios
2016,42990.000000000015,57275.999999999985,7.16684601716759
2016,42990.000000000015,57275.999999999985,0.8376598875047169
