numGenerators,totalCap,adjRatios,cap_rate,LOLE
2016,87823.19999999994,15.38482945018642,2.3,16.0
2016,87823.19999999994,0.7706470965043393,2.3,16.0
