numGenerators,totalCap,adjRatios,cap_rate,LOLE
2585,92135.28552960003,15.695814061014143,2.4,0.0
2585,92135.28552960003,0.8063025147689836,2.4,0.0
