numGenerators,totalCSO,totalCap,adjRatios
2016,32959.00000000001,43911.59999999998,3.29674916789709
2016,32959.00000000001,43911.59999999998,0.8990882792550626
