numGenerators,totalCSO,totalCap,adjRatios
2016,61619.00000000001,82095.59999999996,14.38147100778296
2016,61619.00000000001,82095.59999999996,0.7203875032540565
