numGenerators,totalCSO,totalCap,adjRatios
2016,28660.0,38183.99999999998,2.866738406867035
2016,28660.0,38183.99999999998,0.7818158950044022
