numGenerators,totalCap,adjRatios,cap_rate,LOLE
2585,42228.672534400015,3.0831063334134923,1.1,0.0
2585,42228.672534400015,0.8622957449612741,1.1,0.0
