numGenerators,totalCap,adjRatios,cap_rate,LOLE
2016,42002.39999999998,3.1534122475537387,1.1,6.0
2016,42002.39999999998,0.8599974845048425,1.1,6.0
